city,name,type,price,rating,address,lat,lng,desc,tags,badge,mapsLink,icon
"milan,SISU.,café,€,5,""Via Gaudenzio Ferrari, 1, 20123 Milano"",45.4562,9.175,""Petit dej / brunch sexy en plein Navigli. Le spot pour démarrer la journée avec style."",brunch|petit dej|navigli,gem,https://maps.google.com/?q=SISU+Milano,☕"
"milan,Gelateria Momenti,pâtisserie,€€,5,""Via California, 1, 20144 Milano"",45.4592,9.1606,""Gelato artisanal dans la Zona Navigli. Textures crémeuses et parfums originaux qui changent tout."",gelato|artisanal|navigli,gem,https://www.google.com/maps/place//data=!4m2!3m1!1s0x0:0x17a7989f48284686,🍦"
"milan,Spun Tiramisu,pâtisserie,€,5,""Via Victor Hugo, 3, 20123 Milano"",45.4637,9.1872,""Le tiramisu érigé en art. Déclinaisons créatives dans un cadre compact en plein centre-ville."",tiramisu|dessert|centre,gem,https://www.google.com/maps/place//data=!4m2!3m1!1s0x0:0x74977a30f6e5942e,🍮"
"milan,RONCAGLIA33 dolce pane e vino,pâtisserie,€€,5,""Via Roncaglia, 33, 20146 Milano"",45.4513,9.1547,""Pâtisserie-cave à vins cachée dans le quartier Tortona. Douceurs et naturels, combo parfait."",pâtisserie|vins|tortona,gem,https://maps.google.com/?q=RONCAGLIA33+Milano,🥐"
"milan,GnomoGelato,pâtisserie,€€,5,""Corso di Porta Ticinese, 70, 20143 Milano"",45.4568,9.1797,Gelato créatif au bord du Naviglio. Parfums qui changent et produits locaux.,gelato|navigli|créatif,,https://maps.google.com/?q=GnomoGelato+Milano,🍦"
"milan,Gelateria LAB,pâtisserie,€€,5,""Via Savona, 19, 20144 Milano"",45.4543,9.1638,Gelateria artisanale dans le quartier Tortona. Parfums originaux et textures remarquables.,gelato|artisanal|tortona,,https://maps.google.com/?q=Gelateria+LAB+Milano,🍦"
"milan,Luca - Il gelato di compagnia,pâtisserie,€€,5,""Via Savona, 40, 20144 Milano"",45.4544,9.1637,Gelato généreux et convivial dans le Tortona. Une glace à partager entre amis.,gelato|convivial|tortona,gem,https://maps.google.com/?q=Luca+gelato+compagnia+Milano,🍦"
"milan,Malìa Milano City Life,pâtisserie,€€,4,""Via Spinola, 2, 20149 Milano"",45.4697,9.1552,Pâtisserie napolitaine élégante au City Life. Sfogliatelle et babà d'exception.,napolitain|pâtisserie|city life,,https://maps.google.com/?q=Malìa+Milano+City+Life,🥐"
"milan,Alessandro Servida Pasticceria,pâtisserie,€€,4,""Viale Col di Lana, 10, 20136 Milano"",45.4483,9.1893,Pâtisserie élégante au bord des Navigli. Un peu de monde aux heures de pointe mais vaut le détour.,pâtisserie|navigli|classique,,https://maps.google.com/?q=Alessandro+Servida+Pasticceria+Milano,🥐"
"milan,Pavé,pâtisserie,€,4,""Via Felice Casati, 27, 20124 Milano"",45.4783,9.2065,Café-pâtisserie branché de l'Isola. Bons retours sur les gâteaux à tester.,café|pâtisserie|isola,,https://maps.google.com/?q=Pavé+café+Milano,🥐"
"milan,Bar Pasticceria Moriondo,pâtisserie,€,4,""Via Torino, 3, 20123 Milano"",45.4633,9.1855,Pâtisserie très à l'ancienne mais typiquement milanaise. Un voyage dans le temps.,tradition|old school|centre,,https://maps.google.com/?q=Bar+Pasticceria+Moriondo+Milano,🥐"
"milan,Aroma Napoletano,café,€,4,""Via Durini, 22, 20122 Milano"",45.4659,9.1978,Un peu touristique mais le croissant napolitain (cornetto) est vraiment gourmand.,napolitain|cornetto|centre,,https://maps.google.com/?q=Aroma+Napoletano+Milano,☕"
"milan,Loste Café,café,€,4,""Piazza della Repubblica, 12, 20124 Milano"",45.4808,9.2017,Café populaire à la Repubblica. Beaucoup de monde mais pratique avant de prendre le train.,café|centrale|populaire,,https://maps.google.com/?q=Loste+Café+Milano,☕"
"milan,Pizzeria Errico Porzio,pizzeria,€,5,""Via Andrea Solari, 34, 20144 Milano"",45.4548,9.1609,La pizza napolitaine authentique débarquée à Milan. Alveolatura parfaite et file garantie.,napolitaine|authentique|populaire,must,https://www.google.com/maps/place//data=!4m2!3m1!1s0x0:0xc57a083318552832,🍕"
"milan,Da Zero,pizzeria,€€,5,""Via dell'Orso, 4, 20121 Milano"",45.4692,9.1875,Très bonne pizza avec des ingrédients top. Choix restreint mais chaque pizza est une réussite.,pizza|qualité|brera,,https://www.google.com/maps/place//data=!4m2!3m1!1s0x0:0x14950458bcc9bdfb,🍕"
"milan,Pizzeria da Mammà,pizzeria,€€,5,""Ripa di Porta Ticinese, 11, 20143 Milano"",45.4562,9.172,Ma pizza préférée à Milan. Resto un peu claqué mais la pizza est incroyable.,pizza|napolitaine|navigli,fav,https://maps.google.com/?q=Pizzeria+da+Mammà+Milano,🍕"
"milan,Pizzeria Vincenzo Capuano Moscova,pizzeria,€€,4,""Corso di Porta Nuova, 12, 20121 Milano"",45.4788,9.191,Très bonne pizza napolitaine à Moscova. Plusieurs adresses dans la ville.,napolitaine|moscova|plusieurs adresses,,https://maps.google.com/?q=Pizzeria+Vincenzo+Capuano+Moscova+Milano,🍕"
"milan,Don Aniello,restaurant,€€,5,""Alzaia Naviglio Grande, 40, 20144 Milano"",45.4514,9.1723,Cuisine napolitaine au bord du Naviglio Grande. L'adresse idéale pour une soirée sur les canaux.,napolitain|navigli|soirée,fav,https://www.google.com/maps/place//data=!4m2!3m1!1s0x0:0x17367d6fe24372fd,🍝"
"milan,Le Striatelle di Nonna Mafalda,restaurant,€€,5,""Via Vigevano, 11, 20144 Milano"",45.4527,9.1745,Un de mes restos préférés à Milan. Les pâtes fraîches maison sont excellentes.,pâtes fraîches|navigli|fait maison,fav,https://www.google.com/maps/place//data=!4m2!3m1!1s0x0:0xdfbe54ae9b461c35,🍝"
"milan,Bottega Saffi,restaurant,€€,5,""Via Aurelio Saffi, 2, 20123 Milano"",45.4692,9.172,Adresse de quartier sans chichi avec une cuisine soignée. Déjeuner sans attente.,déjeuner|trattoria|quartier,,https://www.google.com/maps/place//data=!4m2!3m1!1s0x0:0xdb4fe2f6d3130602,🍽️"
"milan,Holy Burger & Cicchetti,restaurant,€€,5,""Via Monferrato, 6, 20144 Milano"",45.4658,9.1568,Burgers créatifs et cicchetti italiens dans le quartier de Porta Genova. Fusion qui fonctionne.,burger|cicchetti|fusion,,https://www.google.com/maps/place//data=!4m2!3m1!1s0x0:0x9f7ff4f8d1a7fbb7,🍔"
"milan,Il Marchese Milano,restaurant,€€,4,""Via Santa Maria alla Porta, 11, 20123 Milano"",45.4655,9.1832,Restaurant italien élégant près du Castello. Cuisine de qualité dans un décor soigné.,italien|élégant|castello,,https://maps.google.com/?q=Il+Marchese+Milano,🍽️"
"milan,SlowSud Porta Genova Tortona,restaurant,€€,5,""Via Tortona, 24, 20144 Milano"",45.4557,9.163,Super resto sicilien à Porta Genova. Bien avec TheFork pour des promos intéressantes.,sicilien|tortona|promos,,https://maps.google.com/?q=SlowSud+Porta+Genova+Milano,🍽️"
"milan,Like Mike — Trattoria Moderna,restaurant,€€,4,""Via Vigevano, 23, 20144 Milano"",45.4533,9.1741,Trattoria moderne sur le Naviglio. Cuisine italienne revisitée dans un cadre décontracté.,trattoria|moderne|navigli,,https://maps.google.com/?q=Like+Mike+Trattoria+Moderna+Milano,🍽️"
"milan,Pasta d'Autore,restaurant,€€,5,""Via Panfilo Castaldi, 16, 20124 Milano"",45.4768,9.2037,Un peu touristique mais vraiment très bon. Les pâtes maison valent le détour.,pâtes|centre|fait maison,,https://maps.google.com/?q=Pasta+d'Autore+Milano,🍝"
"milan,All'Antico Vinaio,restaurant,€€,4,""Via Meravigli, 2, 20123 Milano"",45.4655,9.1836,Sandwichs incroyables. La célèbre enseigne florentine débarquée à Milan.,sandwich|incontournable|plusieurs adresses,must,https://maps.google.com/?q=All'Antico+Vinaio+Milano,🥪"
"milan,Wadi Rum Milano,restaurant,€€€,4,""Via Settala, 18, 20124 Milano"",45.4777,9.2068,Super resto libanais. Mezze généreux et ambiance chaleureuse dans le quartier Centrale.,libanais|mezze|centrale,,https://maps.google.com/?q=Wadi+Rum+Milano,🫕"
"milan,RAITO FANTASTIC FUSION,restaurant,€€€,5,""Via Paolo Sarpi, 30, 20154 Milano"",45.4785,9.1768,Sushis à volonté incroyable. La meilleure table de sushis all-you-can-eat de Milan.,sushis|volonté|sarpi,must,https://maps.google.com/?q=RAITO+FANTASTIC+FUSION+Milano,🍣"
"milan,Ristorante Fonderie Milanesi,restaurant,€€,4,""Via Tortona, 35, 20144 Milano"",45.4557,9.1625,Aperitivo à volonté et terrasse/jardin stylé dans l'ancienne fonderie. Incontournable en été.,aperitivo|jardin|tortona,gem,https://maps.google.com/?q=Fonderie+Milanesi+Milano,🍽️"
"milan,Trapizzino Milano,restaurant,€€,5,""Via Marghera, 1, 20149 Milano"",45.4677,9.1579,Pocket pizza remplie de ragù ou cacio e pepe. Plusieurs adresses.,sandwich|street food|plusieurs adresses,,https://maps.google.com/?q=Trapizzino+Milano,🥙"
"milan,DAVET Turkish Kebap Pizzeria,restaurant,€,5,""Piazzale Stazione Genova, 2, 20144 Milano"",45.4538,9.1701,La référence kebab de Porta Genova. Généreux et rapide.,kebab|rapide|porta genova,,https://www.google.com/maps/place//data=!4m2!3m1!1s0x0:0xac9ec7fd6783073f,🥙"
"milan,Turkish Kebab Pizza,restaurant,€,5,""Via Caminadella, 5, 20123 Milano"",45.4593,9.1778,Autre valeur sûre pour un kebab en centre-ville proche de Porta Ticinese.,kebab|ticinese|rapide,,https://www.google.com/maps/place//data=!4m2!3m1!1s0x0:0xd2fdb8b20599f48d,🥙"
"milan,SIGNOR LIEVITO,boulangerie,€,4,""Via Felice Casati, 3, 20124 Milano"",45.4783,9.2045,Boulangerie artisanale dans l'Isola. Pains au levain et viennoiseries de qualité.,boulangerie|levain|isola,,https://maps.google.com/?q=SIGNOR+LIEVITO+Milano,🍞"
"milan,Piccolo Pan,boulangerie,€,5,""Via Vigevano, 5, 20144 Milano"",45.4531,9.1753,À emporter uniquement mais super bon. Pain et viennoiseries artisanaux sur le Naviglio.,boulangerie|à emporter|navigli,gem,https://maps.google.com/?q=Piccolo+Pan+Milano,🍞"
"milan,Frida,bar,€€,5,""Via Antonio Pollaiuolo, 3, 20159 Milano"",45.4887,9.1873,Super bar très stylé et jeune dans le quartier Isola. Jardin intérieur — l'aperitivo estival par excellence.,aperitivo|isola|jardin,fav,http://maps.google.com/?cid=12403723593705774842,🍸"
"milan,Morna,bar,€€,4,""Via Vigevano, 17, 20144 Milano"",45.4531,9.1742,Bar à cocktails ambiance Navigli. Clientèle jeune et mixologie soignée.,cocktails|navigli|soir,,https://maps.google.com/?q=Morna+bar+Milano,🍸"
"milan,Colibrì,bar,€€,4,""Ripa di Porta Ticinese, 55, 20143 Milano"",45.4573,9.1742,Bar sympa le long du Naviglio Pavese. Terrasse agréable en été.,navigli|terrasse|aperitivo,,https://maps.google.com/?q=Colibrì+bar+Milano,🍸"
"milan,Flow Milano,bar,€€,4,""Corso Como, 8, 20154 Milano"",45.4802,9.1885,Bar tendance de la Zona Garibaldi. Clientèle hype et cocktails bien exécutés.,tendance|garibaldi|cocktails,,https://maps.google.com/?q=Flow+Milano+bar,🍸"
"milan,LibrOsteria,bar,€€,4,""Via Argelati, 35, 20143 Milano"",45.4541,9.1709,Librairie-bar-restaurant hybride sur le Naviglio. Concept unique pour les amateurs de livres et de bons vins.,bar|livres|navigli,gem,https://maps.google.com/?q=LibrOsteria+Milano,🍷"
"milan,WOLF milano,bar,€€,4,""Via Savona, 50, 20144 Milano"",45.4547,9.1635,Bar design dans le Tortona. Ambiance créative et cocktails originaux.,design|tortona|cocktails,,https://maps.google.com/?q=WOLF+Milano+bar,🍸"
"milan,Lom Dopolavoro,bar,€€,4,""Ripa di Porta Ticinese, 65, 20143 Milano"",45.4541,9.1705,Bar et cuisine sur le Naviglio super pour un date. Intérieur et extérieur tops.,date|navigli|terrasse,fav,https://maps.google.com/?q=Lom+Dopolavoro+Milano,🍸"
"milan,Foresta Woodbar,bar,€€,4,""Via Argelati, 3, 20143 Milano"",45.4548,9.1744,Aperitivo à volonté dans un bar à l'ambiance boisée. Idéal après 18h.,aperitivo|volonté|navigli,,https://maps.google.com/?q=Foresta+Woodbar+Milano,🍸"
"milan,Deus Cafe Isola,bar,€€,4,""Via Tofane, 1, 20159 Milano"",45.4863,9.1874,Super bar surtout la terrasse. Concept moto-café avec espace expo et jardin.,terrasse|isola|concept,gem,https://maps.google.com/?q=Deus+Cafe+Isola+Milano,🍸"
"milan,Sidewalk Kitchens,bar,€€,4,""Via Vigevano, 8, 20144 Milano"",45.4532,9.1748,Bar à vins natures burgers et petit déj. Un endroit polyvalent sur le Naviglio.,vins natures|brunch|navigli,,https://maps.google.com/?q=Sidewalk+Kitchens+Milano,🍷"
"milan,BASE Milano,sortie,€€,4,""Via Bergognone, 34, 20144 Milano"",45.4542,9.163,Ancien espace industriel reconverti en centre culturel. Expos concerts food — l'épicentre créatif milanais.,culturel|expos|tortona,,https://maps.google.com/?q=BASE+Milano,🏛️"
"milan,Mudec,sortie,€€,4,""Via Tortona, 56, 20144 Milano"",45.454,9.1604,Musée des cultures à Tortona. Architecture spectaculaire de David Chipperfield.,musée|cultures|tortona,,https://maps.google.com/?q=Mudec+Milano,🖼️"
"milan,Cascina Cuccagna,sortie,€€,4,""Via Muratori, 10, 20135 Milano"",45.4516,9.1985,Ancienne ferme réhabilitée en bar hype avec jardin. Un coin de campagne au cœur de la ville.,jardin|bar|hype,gem,https://maps.google.com/?q=Cascina+Cuccagna+Milano,🌿"
"milan,Parco Sempione,sortie,€,5,""Viale Alemagna, 6, 20121 Milano"",45.4731,9.1718,Le grand poumon vert de Milan. Pique-nique jogging Torre Branca — incontournable par beau temps.,parc|nature|détente,,https://maps.google.com/?q=Parco+Sempione+Milano,🌿"
"milan,Cimitero Monumentale,sortie,€,5,""Piazzale Cimitero Monumentale, 20154 Milano"",45.489,9.1727,Un cimetière qui est aussi un musée à ciel ouvert. Sculptures et mausolées monumentaux.,insolite|sculptures|patrimoine,gem,https://maps.google.com/?q=Cimitero+Monumentale+Milano,🏛️"
"milan,Pinacoteca di Brera,sortie,€€,5,""Via Brera, 28, 20121 Milano"",45.4717,9.1884,""Le musée d'art le plus important de Milan. Raphaël, Caravage, Mantegna — une collection de rêve."",musée|art|incontournable,must,https://maps.google.com/?q=Pinacoteca+di+Brera+Milano,🖼️"
"milan,Eataly Milano Smeraldo,sortie,€€,4,""Piazza Venticinque Aprile, 10, 20121 Milano"",45.4808,9.188,Supermarché et restaurant Eataly dans le théâtre Smeraldo. Le même qu'à Paris mais dans un beau bâtiment.,épicerie|italien|garibaldi,,https://maps.google.com/?q=Eataly+Milano+Smeraldo,🛒"
"milan,Mercato Centrale Milano,sortie,€€,4,""Via Giovanni Battista Sammartini, 2, 20125 Milano"",45.4866,9.2034,Tout y est dans un lieu stylé. Marché alimentaire multi-étages près de la Stazione Centrale.,marché|food hall|centrale,gem,https://maps.google.com/?q=Mercato+Centrale+Milano,🛒"
"paris,Brasserie des Prés,restaurant,€€,5,""6 Cours du Commerce Saint-André, 75006"",48.8529,2.3392,Brasserie élégante dans une ruelle historique de Saint-Germain. Cuisine de brasserie soignée.,brasserie|saint-germain|historique,fav,https://www.google.com/maps/place//data=!4m2!3m1!1s0x0:0xa9c3307ddd2ab577,🍽️"
"paris,Brasserie Rosie,restaurant,€€,5,""53 Rue du Faubourg Saint-Antoine, 75011"",48.8522,2.3732,La brasserie de quartier du Faubourg Saint-Antoine. Ambiance chaleureuse et carte qui change.,brasserie|faubourg|quartier,fav,https://www.google.com/maps/place//data=!4m2!3m1!1s0x0:0xac9e5face0a0c3,🍽️"
"paris,Brasserie Dubillot,restaurant,€€,5,""7 Rue Brantôme, 75003"",48.8606,2.3533,Brasserie moderne dans le Marais. Belle carte française et service impeccable.,brasserie|marais|française,,https://maps.google.com/?q=Brasserie+Dubillot+Paris,🍽️"
"paris,Sama Loubnane,restaurant,€€,5,""83 Bd Saint-Michel, 75005"",48.8455,2.3401,Le meilleur libanais du Quartier Latin. Houmous maison et mezze généreux.,libanais|mezze|quartier latin,must,https://www.google.com/maps/place//data=!4m2!3m1!1s0x0:0xa7c1b6c1fa371142,🫕"
"paris,Presto Fresco,restaurant,€€,5,""14 Rue Montmartre, 75001"",48.8638,2.3459,Cuisine italienne fraîche et rapide près des Halles. Parfait pour un déjeuner efficace.,italien|rapide|centre,,https://www.google.com/maps/place//data=!4m2!3m1!1s0x0:0xf3fe5d5b8ebb44f3,🍝"
"paris,Gruppomimo,restaurant,€€,5,""7 Rue Léopold Bellan, 75002"",48.8645,2.3476,Excellente trattoria italienne dans le Sentier. Pâtes fraîches et ambiance animée.,italien|trattoria|sentier,fav,https://maps.google.com/?q=Gruppomimo+Paris,🍝"
"paris,Il était un square,restaurant,€€,5,""2 Rue Gustave Goublier, 75010"",48.8701,2.3613,Burgers incroyables dans le 10e. L'un des meilleurs spots burger de Paris.,burger|10e|incontournable,fav,https://maps.google.com/?q=Il+était+un+square+Burger+Paris,🍔"
"paris,avec amour - le burger Belleville,restaurant,€€,5,""38 Rue des Couronnes, 75020"",48.8673,2.3827,Burgers généreux et faits maison à Belleville. Plusieurs adresses — toujours une valeur sûre.,burger|belleville|fait maison,fav,https://maps.google.com/?q=avec+amour+burger+Belleville+Paris,🍔"
"paris,PNY GAITÉ,restaurant,€€,5,""6 Rue de la Gaîté, 75014"",48.8392,2.323,La chaîne de burgers parisienne PNY adresse de la Gaîté. Bons produits et recettes créatives.,burger|gaîté|14e,,https://maps.google.com/?q=PNY+Gaité+Paris,🍔"
"paris,La Felicità,restaurant,€€,5,""5 Parvis Alan Turing, 75013"",48.8305,2.3738,Immense food hall italien dans la Halle Freyssinet. Pasta pizza vins — un monument du 13e.,italien|food hall|13e,gem,https://maps.google.com/?q=La+Felicità+Paris,🍝"
"paris,Maslow Temple,restaurant,€€,5,""33 Rue des Archives, 75003"",48.8586,2.354,Le meilleur restaurant végétarien de Paris. Cuisine inventive et généreuse — on oublie la viande.,végétarien|marais|inventif,must,https://maps.google.com/?q=Maslow+Temple+Paris,🥗"
"paris,Maslow,restaurant,€€,5,""42 Rue Sainte-Croix de la Bretonnerie, 75004"",48.8567,2.353,La version marais de Maslow végétarien. Cuisine du monde 100% plant-based.,végétarien|marais|world food,,https://maps.google.com/?q=Maslow+restaurant+Paris,🥗"
"paris,Fellows,restaurant,€€,5,""5 Rue du Cardinal Lemoine, 75005"",48.8511,2.3514,Excellent restaurant végétarien du 5e. Carte courte et créative qui change avec les saisons.,végétarien|5e|créatif,fav,https://maps.google.com/?q=Fellows+restaurant+Paris,🥗"
"paris,BMK Paris-Bamako,restaurant,€€,5,""20 Rue Bichat, 75010"",48.8714,2.3651,Restaurant afro-parisien dans le 10e. Cuisine généreuse mêlant influences françaises et africaines.,africain|10e|fusion,,https://maps.google.com/?q=BMK+Paris+Bamako,🥘"
"paris,La Cappadoce,restaurant,€€,5,""9 Rue de la Fontaine au Roi, 75011"",48.8656,2.3718,Le meilleur restaurant turc du 11e. Mezze authentiques et grillades parfumées.,turc|mezze|11e,,https://maps.google.com/?q=La+Cappadoce+Paris,🫕"
"paris,Öz Maître Kebabier,restaurant,€€,5,""69 Bd de la Villette, 75010"",48.8746,2.3657,Le meilleur kebab de Paris selon beaucoup. Döner généreux et viande de qualité.,kebab|villette|incontournable,gem,https://maps.google.com/?q=Öz+Maître+Kebabier+Paris,🥙"
"paris,Les Frères des Batignolles,restaurant,€,4,""3 Rue des Batignolles, 75017"",48.8833,2.3235,Kebab de quartier dans les Batignolles. Simple et copieux.,kebab|batignolles|17e,,https://maps.google.com/?q=Les+Frères+des+Batignolles+Paris,🥙"
"paris,Sürpriz — Berliner Kebab,restaurant,€€,5,""37 Rue de Bretagne, 75003"",48.8625,2.3622,Berliner kebab à Berlin-sur-Marais. La viande en broche la sauce blanche les frites — un voyage.,berliner kebab|marais|original,,https://maps.google.com/?q=Sürpriz+Berliner+Kebab+Paris,🥙"
"paris,Kintaro,restaurant,€€,5,""24 Rue Saint-Augustin, 75002"",48.8697,2.338,Classique du ramen parisien. File d'attente presque toujours mais ça vaut chaque minute.,ramen|japonais|opéra,,https://maps.google.com/?q=Kintaro+restaurant+Paris,🍜"
"paris,Mao dumpling bar,restaurant,€€,4,""23 Rue des Gravilliers, 75003"",48.8625,2.3518,Bar à dumplings dans le 3e. Raviolis chinois artisanaux dans un cadre décontracté.,dumplings|chinois|3e,,https://maps.google.com/?q=Mao+dumpling+bar+Paris,🥟"
"paris,Ambassade d'Auvergne,restaurant,€€€,4,""22 Rue du Grenier Saint-Lazare, 75003"",48.8622,2.3529,""Institution auvergnate dans le Marais depuis des décennies. Aligot, tripoux et saucisse de Toulouse."",auvergne|tradition|marais,,https://maps.google.com/?q=Ambassade+d'Auvergne+Paris,🍽️"
"paris,B.O.U.L.O.M,restaurant,€€€,4,""1 Pl. du Louvre, 75001"",48.8612,2.3424,Boulanger-chef étoilé au Louvre. Cuisine française gastronomique en journée.,gastronomique|louvre|français,,https://maps.google.com/?q=BOULOM+Paris,🍽️"
"paris,Bistro les Artizans,restaurant,€€,4,""14 Rue Favart, 75002"",48.8701,2.3432,Bistrot parisien classique dans l'Opéra. Bonne cuisine française sans prétention.,bistrot|opéra|français,,https://maps.google.com/?q=Bistro+les+Artizans+Paris,🍽️"
"paris,LE GRAND BALLS,restaurant,€€,5,""15 Rue des Petites Écuries, 75010"",48.8726,2.3503,Restaurant méditerranéen cool dans le 10e. Grande salle animée et cuisine généreuse.,méditerranéen|10e|animé,,https://maps.google.com/?q=LE+GRAND+BALLS+Paris,🍽️"
"paris,La Cantine Diderot,restaurant,€€,5,""21 Bd Diderot, 75012"",48.8479,2.3733,Cantine conviviale du 12e. Petite carte qui change et produits frais.,cantine|12e|marché,,https://maps.google.com/?q=La+Cantine+Diderot+Paris,🍽️"
"paris,Chez Emile Bistro,restaurant,€€,5,""19 Rue de l'Arbre Sec, 75001"",48.8614,2.3449,Bistrot discret dans le 1er. Cuisine du marché soignée dans un cadre chaleureux.,bistrot|1er|marché,,https://maps.google.com/?q=Chez+Emile+Bistro+Paris,🍽️"
"paris,Rôtisserie Segar,restaurant,€€,5,""26 Rue du Roi de Sicile, 75004"",48.8546,2.3565,Rôtisserie artisanale dans le Marais. Poulet rôti à la broche — incontournable.,rôtisserie|poulet|marais,,https://maps.google.com/?q=Rôtisserie+Segar+Paris,🍗"
"paris,Brique Machine Paris 2,restaurant,€€,5,""17 Rue Léopold Bellan, 75002"",48.8647,2.3473,Buffet asiatique moderne dans le Sentier. Choix immense et qualité au rendez-vous.,buffet|asiatique|sentier,,https://maps.google.com/?q=Brique+Machine+Paris+2,🍱"
"paris,Oroyona,restaurant,€,4,""25 Rue Mouffetard, 75005"",48.8437,2.3507,Crêperie bretonne sur la Mouff. Galettes authentiques à prix doux.,crêperie|mouffetard|breton,,https://maps.google.com/?q=Oroyona+crêperie+Paris,🥞"
"paris,Pachuco,restaurant,€€,4,""12 Rue Pierre Semard, 75009"",48.8793,2.3459,Cantina mexicaine dans le 9e. Tacos et plats latinos généreux dans une ambiance festive.,mexicain|tacos|9e,,https://maps.google.com/?q=Pachuco+Paris,🌮"
"paris,Alfi,restaurant,€€,4,""52 Rue de Turbigo, 75003"",48.8638,2.3521,Restaurant casher dans le 3e. Belle cuisine israélienne et levantine.,casher|israélien|3e,,https://maps.google.com/?q=Alfi+restaurant+Paris,🍽️"
"paris,L'As du Fallafel,restaurant,€€,4,""34 Rue des Rosiers, 75004"",48.8563,2.3572,L'institution du falafel à Paris. File à toujours mais le falafel spécial vaut l'attente.,falafel|marais|institution,must,https://maps.google.com/?q=L'As+du+Fallafel+Paris,🧆"
"paris,Chez Alain Miam Miam,restaurant,€€,4,""8 Rue des Vieilles Haudriettes, 75003"",48.861,2.3546,Sandwichs ouverts garnis façon pain-tartine dans le Marais. Original et délicieux.,sandwich|marais|original,,https://maps.google.com/?q=Chez+Alain+Miam+Miam+Paris,🥪"
"paris,Ground Control,bar,€€,5,""81 Rue du Charolais, 75012"",48.8439,2.3817,Immense hall alternatif reconverti en food court. Concerts food trucks bières craft — la fête permanente.,food court|alternatif|concerts,gem,https://www.google.com/maps/place//data=!4m2!3m1!1s0x0:0xd947463a47d9e1e7,🍸"
"paris,Académie de la bière,bar,€€,4,""88bis Bd de Port-Royal, 75005"",48.8427,2.3428,Temple de la bière artisanale dans le 5e. Grande sélection de bières belges et craft.,bière|craft|5e,,https://maps.google.com/?q=Académie+de+la+bière+Paris,🍺"
"paris,Les Berthom,bar,€€,5,""2 Rue Saint-Paul, 75004"",48.8535,2.3571,Bar à bières convivial dans le Marais. Carte de bières artisanales impressionnante.,bière|marais|convivial,,https://maps.google.com/?q=Les+Berthom+Paris,🍺"
"paris,The Bowler,bar,€€,4,""13 Rue d'Hauteville, 75010"",48.8747,2.3515,Pub américain dans le 10e. Burgers bières et sport en direct.,pub|sport|10e,,https://maps.google.com/?q=The+Bowler+Paris,🍺"
"paris,Café l'Attirail,café,€€,4,""9 Rue Moret, 75011"",48.8681,2.3757,Café-concert bohème du 11e. Musique live déco vintage et clientèle alternative.,café|concert|11e,,https://maps.google.com/?q=Café+l'Attirail+Paris,☕"
"paris,Le Loir dans La Théière,café,€€,4,""3 Rue des Rosiers, 75004"",48.8562,2.3566,Salon de thé iconique du Marais. Tartes maison et ambiance Alice au pays des merveilles.,thé|tarte|marais,,https://maps.google.com/?q=Le+Loir+dans+La+Théière+Paris,🫖"
"paris,Cody's Bagels & Coffee Shop,café,€€,5,""7 Rue Condorcet, 75009"",48.8793,2.3468,Le meilleur café-bagels du 9e. Café de spécialité et bagels faits maison.,café|bagels|9e,,https://maps.google.com/?q=Cody's+Bagels+Coffee+Shop+Paris,☕"
"paris,Le Pavillon des Canaux,café,€€,4,""39 Quai de la Loire, 75019"",48.8871,2.3849,Maison atypique au bord du canal de l'Ourcq. Chaque pièce est une salle différente.,brunch|canal|19e,gem,https://maps.google.com/?q=Le+Pavillon+des+Canaux+Paris,☕"
"paris,Scoop Me a Cookie,pâtisserie,€,5,""38 Rue de Bretagne, 75003"",48.8631,2.3625,Cookies géants et gourmands dans le Marais. Parfums originaux et textures parfaites.,cookies|marais|dessert,gem,https://www.google.com/maps/place//data=!4m2!3m1!1s0x0:0x9bc78cd649f3dcb,🍪"
"paris,Holy Cookie,pâtisserie,€€,5,""10 Rue Rambuteau, 75003"",48.8601,2.3512,Cookies de luxe dans le Marais. Grosses boulettes généreuses et parfums originaux.,cookies|marais|gourmand,gem,https://maps.google.com/?q=Holy+Cookie+Paris,🍪"
"paris,Manteigaria Saint-Lazare,pâtisserie,€€,5,""5 Rue Vignon, 75008"",48.8736,2.3273,Les meilleurs pastéis de nata de Paris. La recette originale de Lisbonne directement importée.,pasteis|portugais|incontournable,must,https://maps.google.com/?q=Manteigaria+Paris+Saint-Lazare,🥮"
"paris,Pâtisserie Michalak,pâtisserie,€€€,4,""16 Rue de la Verrerie, 75004"",48.8566,2.3527,Le chef pâtissier Michalak dans le Marais. Créations audacieuses et dressages spectaculaires.,pâtisserie|chef|marais,,https://maps.google.com/?q=Pâtisserie+Michalak+Marais+Paris,🥐"
"paris,La Pâtisserie Cyril Lignac,pâtisserie,€€€,4,""133 Rue de Courcelles, 75017"",48.8803,2.3024,La boutique Poncelet du chef Lignac. Éclairs tartes et créations saisonnières.,pâtisserie|chef|poncelet,,https://maps.google.com/?q=Pâtisserie+Cyril+Lignac+Poncelet+Paris,🥐"
"paris,La Maison d'Isabelle,boulangerie,€,5,""47 Bd Saint-Germain, 75005"",48.8518,2.3478,Touristique mais putain le meilleur croissant de Paris. Le croissant au beurre est une révélation.,croissant|incontournable|5e,must,https://maps.google.com/?q=La+Maison+d'Isabelle+Paris,🥐"
"paris,Mamiche,boulangerie,€,5,""45 Rue Condorcet, 75009"",48.8811,2.3452,Boulangerie franco-algérienne dans le 9e. Brioche feuilletée et msemens à tomber. Plusieurs adresses.,boulangerie|brioche|9e,,https://maps.google.com/?q=Mamiche+boulangerie+Paris,🍞"
"paris,Tranché Batignolles,boulangerie,€,5,""60 Rue des Batignolles, 75017"",48.8844,2.3226,Boulangerie engagée dans les Batignolles. Farines bio et levain naturel.,bio|levain|batignolles,,https://maps.google.com/?q=Tranché+Batignolles+Paris,🍞"
"paris,PANADE,boulangerie,€,4,""21 Rue de Rivoli, 75004"",48.8556,2.3529,Boulangerie artisanale dans le centre. Pains et viennoiseries soignés.,boulangerie|artisanal|centre,,https://maps.google.com/?q=PANADE+boulangerie+Paris,🍞"
"paris,Pleincœur,boulangerie,€€,4,""26 Rue Rambuteau, 75003"",48.8601,2.3507,Boulangerie-pâtisserie du Marais. Produits de qualité et decor soigné.,boulangerie|marais|qualité,,https://maps.google.com/?q=Pleincœur+Paris,🍞"
"lyon,Pâtisserie Chocolaterie Sève,pâtisserie,€€,5,""29 Quai Saint-Antoine, 69002"",45.7622,4.8321,La référence pâtisserie-chocolaterie de Lyon. Pralines ganaches et gâteaux d'exception.,chocolat|pâtisserie|quai,must,https://www.google.com/maps/place//data=!4m2!3m1!1s0x0:0x9df1e32625719a85,🍫"
"lyon,Duclef Café Pâtisserie,pâtisserie,€€,5,""Rue Victor Hugo, 69002 Lyon"",45.759,4.8327,Pâtisserie fine dans la rue Victor Hugo. Gâteaux élaborés et finitions impeccables.,pâtisserie|victor hugo|soigné,,https://maps.google.com/?q=Duclef+Café+Pâtisserie+Lyon,🥐"
"lyon,DORNER FRERES,pâtisserie,€€,5,""Rue Auguste Comte, 69002 Lyon"",45.7569,4.8321,Pâtisserie familiale installée depuis des générations. Savoir-faire traditionnel lyonnais.,tradition|pâtisserie|lyon,gem,https://maps.google.com/?q=DORNER+FRERES+Lyon,🥐"
"lyon,ALMA par Marvin Brandao,pâtisserie,€€,5,""Rue des Capucins, 69001 Lyon"",45.7697,4.8338,Pâtisserie-boulangerie-chocolaterie du chef Marvin Brandao. Créativité et technicité au service du goût.,chef|créatif|presqu'île,gem,https://maps.google.com/?q=ALMA+Marvin+Brandao+Lyon,🥐"
"lyon,SOHA Cookies,pâtisserie,€€,5,""Rue Mercière, 69002 Lyon"",45.7612,4.8321,Cookies artisanaux lyonnais. Parfums audacieux et textures généreuses.,cookies|artisanal|mercière,gem,https://maps.google.com/?q=SOHA+Cookies+Lyon,🍪"
"lyon,Délices des Sens,pâtisserie,€€€,4,""Rue d'Algérie, 69001 Lyon"",45.7679,4.832,Pâtisserie haut de gamme dans le 1er. Entremets contemporains et chocolats fins.,pâtisserie|haut de gamme|1er,,https://maps.google.com/?q=Délices+des+Sens+Lyon,🥐"
"lyon,Chocolaterie Sève — Les Halles,pâtisserie,€€€,4,""102 Cours Lafayette, 69003 Lyon"",45.7606,4.8576,La chocolaterie Sève aux Halles Paul Bocuse. Chocolats artisanaux de très haute qualité.,chocolat|halles|artisanal,,https://maps.google.com/?q=Chocolaterie+Sève+Halles+Lyon,🍫"
"lyon,Chocolats Voisin Bellecour,pâtisserie,€€,4,""Place Bellecour, 69002 Lyon"",45.7579,4.8322,Chocolatier lyonnais historique sur la place Bellecour. Incontournable pour les coussins de Lyon.,chocolat|bellecour|tradition,,https://maps.google.com/?q=Chocolats+Voisin+Bellecour+Lyon,🍫"
"lyon,My sushi,restaurant,€€,4,""3 Rue Louis Vitet, 69001 Lyon"",45.7685,4.8311,Excellent restaurant japonais avec un service aux petits soins. À deux pas de la presqu'île.,sushi|japonais|service,fav,https://www.google.com/maps/place//data=!4m2!3m1!1s0x0:0x89ab724ae47e782c,🍣"
"lyon,Carmelo,restaurant,€€,5,""Rue de la République, 69002 Lyon"",45.7634,4.8334,Très bon restaurant italien en plein cœur de Lyon. Pâtes fraîches et service chaleureux.,italien|pâtes|presqu'île,,https://maps.google.com/?q=Carmelo+restaurant+Lyon,🍝"
"lyon,La Commune,restaurant,€€,4,""Rue Diderot, 69006 Lyon"",45.7738,4.8482,Restaurant de quartier dans le 6e. Cuisine du marché bonne cave et clientèle fidèle.,marché|6e|quartier,,https://maps.google.com/?q=La+Commune+restaurant+Lyon,🍽️"
"lyon,Bichon Restaurant,restaurant,€€,5,""Rue Grenette, 69001 Lyon"",45.7675,4.8336,Adresse attachante dans le 1er. Cuisine lyonnaise revisitée avec affection.,lyonnais|grenette|attachant,gem,https://maps.google.com/?q=Bichon+Restaurant+Lyon,🍽️"
"lyon,Le Bistrot du Père,restaurant,€€,5,""Rue du Bât d'Argent, 69001 Lyon"",45.7673,4.8343,Bistrot chaleureux dans le vieux Lyon. Cuisine du marché et patron passionné.,bistrot|presqu'île|chaleureux,gem,https://maps.google.com/?q=Le+Bistrot+du+Père+Lyon,🍽️"
"lyon,Toké Place Sathonay,restaurant,€€,5,""Place Sathonay, 69001 Lyon"",45.7683,4.8333,Restaurant asiatique fusion sur la place Sathonay. Cuisine thaïe et japonaise mêlées.,asiatique|sathonay|fusion,,https://maps.google.com/?q=Toké+Place+Sathonay+Lyon,🍱"
"lyon,Les Filous Lyon,restaurant,€€,5,""Rue Saint-Jean, 69005 Lyon"",45.7621,4.8275,Street food grecque authentique dans le vieux Lyon. Gyros et mezze bien exécutés.,grec|street food|vieux lyon,,https://maps.google.com/?q=Les+Filous+Lyon,🥙"
"lyon,GREEKIA Bellecour,restaurant,€€,5,""Rue Victor Hugo, 69002 Lyon"",45.7566,4.8327,Street food grecque à deux pas de Bellecour. Gyros et pitas généreux.,grec|bellecour|street food,,https://maps.google.com/?q=GREEKIA+Bellecour+Lyon,🥙"
"lyon,KEFI,restaurant,€€,5,""Rue de la Barre, 69002 Lyon"",45.7585,4.8319,Cuisine grecque soignée dans la presqu'île. Carte courte et généreuse.,grec|presqu'île|soigné,,https://maps.google.com/?q=KEFI+restaurant+Lyon,🫕"
"lyon,LE COMPTOIR LIBANAIS,restaurant,€€,5,""Rue Bossuet, 69006 Lyon"",45.7736,4.8478,Le meilleur libanais de Lyon dans le 6e. Houmous maison et grillades parfumées.,libanais|6e|incontournable,fav,https://maps.google.com/?q=LE+COMPTOIR+LIBANAIS+Lyon+6,🫕"
"lyon,TinaTane,restaurant,€€,5,""43 Rue de Cuire, 69004 Lyon"",45.7787,4.8294,Patron très sympa pain maison frites maison et recettes originales. Vraiment délicieux.,fait maison|original|croix-rousse,fav,https://www.google.com/maps/place//data=!4m2!3m1!1s0x0:0xccbcdbdd15d940b1,🍔"
"lyon,PNY Presqu'île,restaurant,€€,5,""59 Rue Mercière, 69002 Lyon"",45.7619,4.8331,Les burgers PNY à Lyon. Bons produits et bonnes recettes — fidèle à la réputation parisienne.,burger|mercière|qualité,,https://www.google.com/maps/place//data=!4m2!3m1!1s0x0:0xd733eb4c82411f8d,🍔"
"lyon,Döner Gang,restaurant,€,5,""2 Cours de la République, Villeurbanne"",45.7715,4.8735,Le meilleur kebab de Lyon et très original. Adresse culte chez les initiés.,kebab|villeurbanne|original,must,https://www.google.com/maps/place//data=!4m2!3m1!1s0x0:0x5e3ffd6679bf2c91,🥙"
"lyon,CHËF — berliner kebab,restaurant,€€,4,""Rue Garibaldi, 69003 Lyon"",45.7572,4.8546,Berliner kebab version lyonnaise. Viande en broche et sauce blanche.,berliner kebab|garibaldi|3e,,https://maps.google.com/?q=CHËF+berliner+kebab+Lyon,🥙"
"lyon,Rotana Buffet Lyon,restaurant,€€,5,""19 Rue Gentil, 69002 Lyon"",45.7651,4.8364,Buffet généreux en presqu'île. Large choix de cuisines du monde à prix raisonnable.,buffet|monde|presqu'île,,https://www.google.com/maps/place//data=!4m2!3m1!1s0x0:0xfd67212a0857f0db,🍽️"
"lyon,Café Gadagne,restaurant,€€,4,""Rue du Boeuf, 69005 Lyon"",45.7627,4.8274,Restaurant du musée Gadagne dans le vieux Lyon. Vue imprenable sur les toits depuis la terrasse.,musée|terrasse|vieux lyon,gem,https://maps.google.com/?q=Café+Gadagne+Lyon,🍽️"
"lyon,L'Authentik Oullins,restaurant,€€,4,""45 Rue Pierre Semard, Oullins"",45.7177,4.8137,Recettes originales et cuisine maison à Oullins. Une belle surprise hors des sentiers battus.,original|oullins|maison,,https://www.google.com/maps/place//data=!4m2!3m1!1s0x0:0x2ef188cb7634ab7c,🍽️"
"lyon,Gump's Corner,restaurant,€€,5,""25 Place Carnot, 69002 Lyon"",45.7518,4.8271,Adresse sympa sur la Place Carnot. Cuisine de brasserie dans un cadre animé.,carnot|brasserie|animé,,https://www.google.com/maps/place//data=!4m2!3m1!1s0x0:0x56f4d7d143c9cdee,🍽️"
"lyon,Pignouf,restaurant,€€,5,""22 Rue Chevreul, 69007 Lyon"",45.749,4.8385,Adresse confidentielle dans le 7e. Cuisine du marché sans fioriture et service décontracté.,marché|lyon 7|confidentiel,gem,https://www.google.com/maps/place//data=!4m2!3m1!1s0x0:0x8fc6d16ac63ecb2f,🍽️"
"lyon,Le Saint Laurent — Pizzeria,pizzeria,€€,5,""82 Rue Bechevelin, 69007 Lyon"",45.7476,4.8389,Pizzeria au feu de bois dans le 7e. Pâte croustillante et garnitures généreuses.,feu de bois|pizza|lyon 7,fav,https://www.google.com/maps/place//data=!4m2!3m1!1s0x0:0xa3c5ecaac85206e2,🍕"
"lyon,Jobaar,bar,€€,4,""Rue Sainte-Catherine, 69001 Lyon"",45.7682,4.834,Bar festif et animé dans le 1er. Cocktails accessibles et bonne ambiance en soirée.,festif|1er|cocktails,,https://maps.google.com/?q=Jobaar+Bar+Lyon,🍸"
"lyon,Les Berthom Lyon,bar,€€,5,""Rue des Marronniers, 69002 Lyon"",45.7589,4.8336,La chaîne bar à bières aussi à Lyon. Grande sélection de craft.,bière|craft|presqu'île,,https://maps.google.com/?q=Les+Berthom+Lyon,🍺"
"lyon,Les Culottes Longues,bar,€€,5,""42 Rue Sala, 69002 Lyon"",45.7548,4.8318,Bar à vins et bistrot décomplexé dans la Confluence. Carte courte et bien choisie.,vins|bistrot|confluence,gem,https://www.google.com/maps/place//data=!4m2!3m1!1s0x0:0xb40243fe637c6f1a,🍷"
"lyon,El Ghoul Brahim,boulangerie,€,5,""Rue Terme, 69001 Lyon"",45.7695,4.8322,Boulangerie artisanale du 1er. Pains au levain et msemens faits maison.,boulangerie|artisanal|1er,,https://maps.google.com/?q=El+Ghoul+Brahim+boulangerie+Lyon,🍞"
"lyon,Boulangerie Les Frères Barioz,boulangerie,€,5,""Rue Burdeau, 69001 Lyon"",45.7727,4.829,Boulangerie artisanale sur les pentes de la Croix-Rousse. Pains au levain et viennoiseries soignées.,boulangerie|levain|croix-rousse,,https://maps.google.com/?q=Les+Frères+Barioz+Lyon,🍞"
"lyon,Maison Terrasson,boulangerie,€,4,""Rue de Brest, 69002 Lyon"",45.7601,4.8347,Boulangerie de presqu'île appréciée des lyonnais. Pains de qualité au quotidien.,boulangerie|presqu'île|quotidien,,https://maps.google.com/?q=Maison+Terrasson+Lyon,🍞"
"lyon,Boulangerie Marcel Lyon,boulangerie,€€,4,""Rue de Brest, 69002 Lyon"",45.7607,4.8351,Boulangerie tendance de presqu'île. Produits soignés et déco moderne.,boulangerie|tendance|presqu'île,,https://maps.google.com/?q=Boulangerie+Marcel+Lyon,🍞"
"lyon,Jocteur le Boulanger de l'Île Barbe,boulangerie,€,4,""Île Barbe, 69009 Lyon"",45.8053,4.806,Boulangerie unique sur l'Île Barbe au nord de Lyon. Pains de caractère dans un cadre enchanteur.,boulangerie|île barbe|unique,gem,https://maps.google.com/?q=Jocteur+Boulanger+Île+Barbe+Lyon,🍞"
"lyon,Traboule et Cour des Voraces,sortie,€,4,""Place Colbert, 69004 Lyon"",45.7728,4.8268,La traboule la plus célèbre de la Croix-Rousse. Cour intérieure majestueuse et escalier monumental.,traboule|croix-rousse|patrimoine,,https://maps.google.com/?q=Traboule+Cour+des+Voraces+Lyon,🏛️"
"lyon,Jardin des Curiosités,sortie,€,5,""Rue Delandine, 69002 Lyon"",45.7576,4.8281,Petit jardin perché avec vue panoramique sur Lyon. Un trésor caché dans le 2e.,jardin|vue|caché,gem,https://maps.google.com/?q=Jardin+des+Curiosités+Lyon,🌿"
"lyon,Les Halles de Lyon Paul Bocuse,sortie,€€,5,""102 Cours Lafayette, 69003 Lyon"",45.7606,4.8576,Le temple de la gastronomie lyonnaise. Charcuteries fromages pralines — une immersion dans le goût.,halles|gastronomie|incontournable,must,https://maps.google.com/?q=Les+Halles+de+Lyon+Paul+Bocuse,🛒"
